{
  "accuracy": 0.6475,
  "f1": 0.6430379746835443,
  "roc_auc": 0.716125,
  "report": "              precision    recall  f1-score   support\n\n           0      0.644     0.660     0.652       200\n           1      0.651     0.635     0.643       200\n\n    accuracy                          0.647       400\n   macro avg      0.648     0.647     0.647       400\nweighted avg      0.648     0.647     0.647       400\n"
}